https://gameofthrones.fandom.com/wiki/Aemon;Aemon
https://gameofthrones.fandom.com/wiki/Aggar;Aggar
https://gameofthrones.fandom.com/wiki/Aggo_(The_Red_Woman);Aggo (The Red Woman)
https://gameofthrones.fandom.com/wiki/Azor_Ahai;Azor Ahai
https://gameofthrones.fandom.com/wiki/Mazor_Alexi;Mazor Alexi
https://gameofthrones.fandom.com/wiki/Amaya;Amaya
https://gameofthrones.fandom.com/wiki/Aegon_Ambrose;Aegon Ambrose
https://gameofthrones.fandom.com/wiki/Andros;Andros
https://gameofthrones.fandom.com/wiki/Arrax;Arrax
https://gameofthrones.fandom.com/wiki/Aemma_Arryn;Aemma Arryn
https://gameofthrones.fandom.com/wiki/Alys_Arryn;Alys Arryn
https://gameofthrones.fandom.com/wiki/Artys_Arryn;Artys Arryn
https://gameofthrones.fandom.com/wiki/Elbert_Arryn;Elbert Arryn
https://gameofthrones.fandom.com/wiki/Jasper_Arryn;Jasper Arryn
https://gameofthrones.fandom.com/wiki/Jeyne_Arryn;Jeyne Arryn
https://gameofthrones.fandom.com/wiki/Jon_Arryn;Jon Arryn
https://gameofthrones.fandom.com/wiki/Lysa_Arryn;Lysa Arryn
https://gameofthrones.fandom.com/wiki/Ronnel_Arryn;Ronnel Arryn
https://gameofthrones.fandom.com/wiki/Ronnel_Arryn_(King);Ronnel Arryn (King)
https://gameofthrones.fandom.com/wiki/Sharra_Arryn;Sharra Arryn
https://gameofthrones.fandom.com/wiki/Arson_Iceaxe;Arson Iceaxe
https://gameofthrones.fandom.com/wiki/Baelish_(founder);Baelish (founder)
https://gameofthrones.fandom.com/wiki/Baelish_(hedge_knight);Baelish (hedge knight)
https://gameofthrones.fandom.com/wiki/Petyr_Baelish;Petyr Baelish
https://gameofthrones.fandom.com/wiki/Bald_Dragonstone_servant;Bald Dragonstone servant
https://gameofthrones.fandom.com/wiki/Balerion;Balerion
https://gameofthrones.fandom.com/wiki/Bannen;Bannen
https://gameofthrones.fandom.com/wiki/Baratheon_(son_of_Robert);Baratheon (son of Robert)
https://gameofthrones.fandom.com/wiki/Baratheon_general;Baratheon general
https://gameofthrones.fandom.com/wiki/Baratheon_officer;Baratheon officer
https://gameofthrones.fandom.com/wiki/Baratheon_soldier_(Mother%27s_Mercy);Baratheon soldier (Mother's Mercy)
https://gameofthrones.fandom.com/wiki/Baratheon_soldier_(The_Dance_of_Dragons);Baratheon soldier (The Dance of Dragons)
https://gameofthrones.fandom.com/wiki/Argella_Baratheon;Argella Baratheon
https://gameofthrones.fandom.com/wiki/Axel_Baratheon;Axel Baratheon
https://gameofthrones.fandom.com/wiki/Borros_Baratheon;Borros Baratheon
https://gameofthrones.fandom.com/wiki/Cassana_Baratheon;Cassana Baratheon
https://gameofthrones.fandom.com/wiki/Edric_Baratheon;Edric Baratheon
https://gameofthrones.fandom.com/wiki/Ethelide_Baratheon;Ethelide Baratheon
https://gameofthrones.fandom.com/wiki/Joffrey_Baratheon;Joffrey Baratheon
https://gameofthrones.fandom.com/wiki/Lyonel_Baratheon;Lyonel Baratheon
https://gameofthrones.fandom.com/wiki/Monica_Baratheon;Monica Baratheon
https://gameofthrones.fandom.com/wiki/Mychal_Baratheon;Mychal Baratheon
https://gameofthrones.fandom.com/wiki/Myrcella_Baratheon;Myrcella Baratheon
https://gameofthrones.fandom.com/wiki/Ormund_Baratheon;Ormund Baratheon
https://gameofthrones.fandom.com/wiki/Orys_Baratheon;Orys Baratheon
https://gameofthrones.fandom.com/wiki/Petyr_Baratheon;Petyr Baratheon
https://gameofthrones.fandom.com/wiki/Raymont_Baratheon;Raymont Baratheon
https://gameofthrones.fandom.com/wiki/Renly_Baratheon;Renly Baratheon
https://gameofthrones.fandom.com/wiki/Robert_Baratheon;Robert Baratheon
https://gameofthrones.fandom.com/wiki/Selyse_Baratheon;Selyse Baratheon
https://gameofthrones.fandom.com/wiki/Shireen_Baratheon;Shireen Baratheon
https://gameofthrones.fandom.com/wiki/Stannis_Baratheon;Stannis Baratheon
https://gameofthrones.fandom.com/wiki/Steffon_Baratheon;Steffon Baratheon
https://gameofthrones.fandom.com/wiki/Theresa_Baratheon;Theresa Baratheon
https://gameofthrones.fandom.com/wiki/Tommard_Baratheon;Tommard Baratheon
https://gameofthrones.fandom.com/wiki/Tommen_Baratheon;Tommen Baratheon
https://gameofthrones.fandom.com/wiki/Barra;Barra
https://gameofthrones.fandom.com/wiki/Barth;Barth
https://gameofthrones.fandom.com/wiki/The_Beast;The Beast
https://gameofthrones.fandom.com/wiki/Humfrey_Beesbury;Humfrey Beesbury
https://gameofthrones.fandom.com/wiki/Lyman_Beesbury;Lyman Beesbury
https://gameofthrones.fandom.com/wiki/Belgrave_(Lord);Belgrave (Lord)
https://gameofthrones.fandom.com/wiki/Bert;Bert
https://gameofthrones.fandom.com/wiki/Bezzaq;Bezzaq
https://gameofthrones.fandom.com/wiki/Bharbo;Bharbo
https://gameofthrones.fandom.com/wiki/Billy;Billy
https://gameofthrones.fandom.com/wiki/Biter;Biter
https://gameofthrones.fandom.com/wiki/Aegon_Blackfyre;Aegon Blackfyre
https://gameofthrones.fandom.com/wiki/Aemon_Blackfyre;Aemon Blackfyre
https://gameofthrones.fandom.com/wiki/Daemon_I_Blackfyre;Daemon I Blackfyre
https://gameofthrones.fandom.com/wiki/Daemon_II_Blackfyre;Daemon II Blackfyre
https://gameofthrones.fandom.com/wiki/Maelys_Blackfyre;Maelys Blackfyre
https://gameofthrones.fandom.com/wiki/Serena_Blackfyre;Serena Blackfyre
https://gameofthrones.fandom.com/wiki/Benedict_Blackmont;Benedict Blackmont
https://gameofthrones.fandom.com/wiki/Blood_(Former_Gold_Cloak);Blood (Former Gold Cloak)
https://gameofthrones.fandom.com/wiki/Boake;Boake
https://gameofthrones.fandom.com/wiki/Bolton_(son_of_Roose);Bolton (son of Roose)
https://gameofthrones.fandom.com/wiki/Bolton_general;Bolton general
https://gameofthrones.fandom.com/wiki/Bolton_guard_(The_Laws_of_Gods_and_Men);Bolton guard (The Laws of Gods and Men)
https://gameofthrones.fandom.com/wiki/Bolton_man_2;Bolton man 2
https://gameofthrones.fandom.com/wiki/Bolton_officer;Bolton officer
https://gameofthrones.fandom.com/wiki/Bolton_soldier_(The_Red_Woman);Bolton soldier (The Red Woman)
https://gameofthrones.fandom.com/wiki/Bolton_soldier_(Walk_of_Punishment);Bolton soldier (Walk of Punishment)
https://gameofthrones.fandom.com/wiki/Bolton_soldier_1;Bolton soldier 1
https://gameofthrones.fandom.com/wiki/Domeric_Bolton;Domeric Bolton
https://gameofthrones.fandom.com/wiki/Ramsay_Bolton;Ramsay Bolton
https://gameofthrones.fandom.com/wiki/Rogar_Bolton;Rogar Bolton
https://gameofthrones.fandom.com/wiki/Roose_Bolton;Roose Bolton
https://gameofthrones.fandom.com/wiki/Royce_IV_Bolton;Royce IV Bolton
https://gameofthrones.fandom.com/wiki/Walda_Bolton;Walda Bolton
https://gameofthrones.fandom.com/wiki/Borba;Borba
https://gameofthrones.fandom.com/wiki/Bethany_Bracken;Bethany Bracken
https://gameofthrones.fandom.com/wiki/Harys_Horpe;Harys Horpe
https://gameofthrones.fandom.com/wiki/Lyle_Bracken;Lyle Bracken
https://gameofthrones.fandom.com/wiki/Brandon_Snow;Brandon Snow
https://gameofthrones.fandom.com/wiki/Branfield_(Lord);Branfield (Lord)
https://gameofthrones.fandom.com/wiki/Talia_Branfield;Talia Branfield
https://gameofthrones.fandom.com/wiki/Brozho;Brozho
https://gameofthrones.fandom.com/wiki/Bruni;Bruni
https://gameofthrones.fandom.com/wiki/Jack_Bulwer;Jack Bulwer
https://gameofthrones.fandom.com/wiki/Burton_Crakehall;Burton Crakehall
https://gameofthrones.fandom.com/wiki/Caleotte;Caleotte
https://gameofthrones.fandom.com/wiki/Captain_of_the_archers_(House_Bolton);Captain of the archers (House Bolton)
https://gameofthrones.fandom.com/wiki/Captured_wight;Captured wight
https://gameofthrones.fandom.com/wiki/Caraxes;Caraxes
https://gameofthrones.fandom.com/wiki/Arryk_Cargyll;Arryk Cargyll
https://gameofthrones.fandom.com/wiki/Erryk_Cargyll;Erryk Cargyll
https://gameofthrones.fandom.com/wiki/Jory_Cassel;Jory Cassel
https://gameofthrones.fandom.com/wiki/Rodrik_Cassel;Rodrik Cassel
https://gameofthrones.fandom.com/wiki/Casterly_(founder);Casterly (founder)
https://gameofthrones.fandom.com/wiki/Catspaw_assassin;Catspaw assassin
https://gameofthrones.fandom.com/wiki/Medger_Cerwyn;Medger Cerwyn
https://gameofthrones.fandom.com/wiki/Vivian_Cerwyn;Vivian Cerwyn
https://gameofthrones.fandom.com/wiki/Ch%27Vyalthan;Ch'Vyalthan
https://gameofthrones.fandom.com/wiki/Cheese;Cheese
https://gameofthrones.fandom.com/wiki/Qarlton_Chelsted;Qarlton Chelsted
https://gameofthrones.fandom.com/wiki/Child_of_the_Forest_2_(The_Children);Child of the Forest 2 (The Children)
https://gameofthrones.fandom.com/wiki/Child_of_the_Forest_3;Child of the Forest 3
https://gameofthrones.fandom.com/wiki/Child_of_the_Forest_4;Child of the Forest 4
https://gameofthrones.fandom.com/wiki/Clegane_(founder);Clegane (founder)
https://gameofthrones.fandom.com/wiki/Cleon;Cleon
https://gameofthrones.fandom.com/wiki/Criston_Cole;Criston Cole
https://gameofthrones.fandom.com/wiki/Jon_Connington;Jon Connington
https://gameofthrones.fandom.com/wiki/Cooper;Cooper
https://gameofthrones.fandom.com/wiki/Copper_King;Copper King
https://gameofthrones.fandom.com/wiki/Gwayne_Corbray;Gwayne Corbray
https://gameofthrones.fandom.com/wiki/Qyle_Corbray;Qyle Corbray
https://gameofthrones.fandom.com/wiki/Cotter;Cotter
https://gameofthrones.fandom.com/wiki/Lady_Crane;Lady Crane
https://gameofthrones.fandom.com/wiki/Craster;Craster
https://gameofthrones.fandom.com/wiki/Cressen;Cressen
https://gameofthrones.fandom.com/wiki/Emmon_Cuy;Emmon Cuy
https://gameofthrones.fandom.com/wiki/Dagmer;Dagmer
https://gameofthrones.fandom.com/wiki/Damien;Damien
https://gameofthrones.fandom.com/wiki/Dancer;Dancer
https://gameofthrones.fandom.com/wiki/Jonothor_Darry;Jonothor Darry
https://gameofthrones.fandom.com/wiki/Raymun_Darry;Raymun Darry
https://gameofthrones.fandom.com/wiki/Willem_Darry;Willem Darry
https://gameofthrones.fandom.com/wiki/Xaro_Xhoan_Daxos;Xaro Xhoan Daxos
https://gameofthrones.fandom.com/wiki/Beric_Dayne;Beric Dayne
https://gameofthrones.fandom.com/wiki/Dayne_(son_of_Davos);Dayne (son of Davos)
https://gameofthrones.fandom.com/wiki/Arthur_Dayne;Arthur Dayne
https://gameofthrones.fandom.com/wiki/Ashara_Dayne;Ashara Dayne
https://gameofthrones.fandom.com/wiki/Davos_Dayne;Davos Dayne
https://gameofthrones.fandom.com/wiki/Dyanna_Dayne;Dyanna Dayne
https://gameofthrones.fandom.com/wiki/Joffrey_Dayne;Joffrey Dayne
https://gameofthrones.fandom.com/wiki/Vorian_Dayne;Vorian Dayne
https://gameofthrones.fandom.com/wiki/Ryam_Redwyne;Ryam Redwyne
https://gameofthrones.fandom.com/wiki/Dorian_Hightower%27s_first_wife;Dorian Hightower's first wife
https://gameofthrones.fandom.com/wiki/Despondent_man;Despondent man
https://gameofthrones.fandom.com/wiki/Dongo;Dongo
https://gameofthrones.fandom.com/wiki/Doreah;Doreah
https://gameofthrones.fandom.com/wiki/Dorian_Hightower%27s_second_wife;Dorian Hightower's second wife
https://gameofthrones.fandom.com/wiki/Dothraki_pit_fighter;Dothraki pit fighter
https://gameofthrones.fandom.com/wiki/Dreamfyre;Dreamfyre
https://gameofthrones.fandom.com/wiki/Drennan;Drennan
https://gameofthrones.fandom.com/wiki/Drogo;Drogo
https://gameofthrones.fandom.com/wiki/Lucifer_Dryland;Lucifer Dryland
https://gameofthrones.fandom.com/wiki/Duncan_the_Tall;Duncan the Tall
https://gameofthrones.fandom.com/wiki/Durran;Durran
https://gameofthrones.fandom.com/wiki/Argilac_Durrandon;Argilac Durrandon
https://gameofthrones.fandom.com/wiki/Mirri_Maz_Duur;Mirri Maz Duur
https://gameofthrones.fandom.com/wiki/Dwarf_1;Dwarf 1
https://gameofthrones.fandom.com/wiki/Dying_man;Dying man
https://gameofthrones.fandom.com/wiki/Vardis_Egen;Vardis Egen
https://gameofthrones.fandom.com/wiki/Elenei;Elenei
https://gameofthrones.fandom.com/wiki/Razdal_mo_Eraz;Razdal mo Eraz
https://gameofthrones.fandom.com/wiki/Serwyn_Errol;Serwyn Errol
https://gameofthrones.fandom.com/wiki/Essovius;Essovius
https://gameofthrones.fandom.com/wiki/Eustace;Eustace
https://gameofthrones.fandom.com/wiki/Faith_Militant_1;Faith Militant 1
https://gameofthrones.fandom.com/wiki/Faith_Militant_2;Faith Militant 2
https://gameofthrones.fandom.com/wiki/Farlen;Farlen
https://gameofthrones.fandom.com/wiki/Farmer;Farmer
https://gameofthrones.fandom.com/wiki/Faull;Faull
https://gameofthrones.fandom.com/wiki/Fighting_pit_announcer;Fighting pit announcer
https://gameofthrones.fandom.com/wiki/First_King;First King
https://gameofthrones.fandom.com/wiki/First_Mate;First Mate
https://gameofthrones.fandom.com/wiki/Flayed_man;Flayed man
https://gameofthrones.fandom.com/wiki/Rodrik_Flint;Rodrik Flint
https://gameofthrones.fandom.com/wiki/Axell_Florent;Axell Florent
https://gameofthrones.fandom.com/wiki/Dickon_Flowers;Dickon Flowers
https://gameofthrones.fandom.com/wiki/Jafer_Flowers;Jafer Flowers
https://gameofthrones.fandom.com/wiki/Syrio_Forel;Syrio Forel
https://gameofthrones.fandom.com/wiki/Cedric_Forrester;Cedric Forrester
https://gameofthrones.fandom.com/wiki/Elissa_Forrester;Elissa Forrester
https://gameofthrones.fandom.com/wiki/Ethan_Forrester;Ethan Forrester
https://gameofthrones.fandom.com/wiki/Gerhard_Forrester;Gerhard Forrester
https://gameofthrones.fandom.com/wiki/Gregor_Forrester;Gregor Forrester
https://gameofthrones.fandom.com/wiki/Thorren_Forrester;Thorren Forrester
https://gameofthrones.fandom.com/wiki/Forzho;Forzho
https://gameofthrones.fandom.com/wiki/Garrison_Fowler;Garrison Fowler
https://gameofthrones.fandom.com/wiki/Frey_(founder);Frey (founder)
https://gameofthrones.fandom.com/wiki/Frey_soldier_1;Frey soldier 1
https://gameofthrones.fandom.com/wiki/Frey_soldier_2;Frey soldier 2
https://gameofthrones.fandom.com/wiki/Joyeuse_Frey;Joyeuse Frey
https://gameofthrones.fandom.com/wiki/Knight_of_House_Frey;Knight of House Frey
https://gameofthrones.fandom.com/wiki/Lothar_Frey;Lothar Frey
https://gameofthrones.fandom.com/wiki/Stevron_Frey;Stevron Frey
https://gameofthrones.fandom.com/wiki/Walder_Frey;Walder Frey
https://gameofthrones.fandom.com/wiki/Willem_Frey;Willem Frey
https://gameofthrones.fandom.com/wiki/Garth_Gardener;Garth Gardener
https://gameofthrones.fandom.com/wiki/Mern_IX_Gardener;Mern IX Gardener
https://gameofthrones.fandom.com/wiki/Gared;Gared
https://gameofthrones.fandom.com/wiki/Gared%27s_father;Gared's father
https://gameofthrones.fandom.com/wiki/Gared%27s_sister;Gared's sister
https://gameofthrones.fandom.com/wiki/Garibald_of_the_Seven_Stars;Garibald of the Seven Stars
https://gameofthrones.fandom.com/wiki/Garin_the_Great;Garin the Great
https://gameofthrones.fandom.com/wiki/Gatins;Gatins
https://gameofthrones.fandom.com/wiki/Gwayne_Gaunt;Gwayne Gaunt
https://gameofthrones.fandom.com/wiki/Gelmarr;Gelmarr
https://gameofthrones.fandom.com/wiki/Gendel;Gendel
https://gameofthrones.fandom.com/wiki/Gerardys;Gerardys
https://gameofthrones.fandom.com/wiki/Prendahl_na_Ghezn;Prendahl na Ghezn
https://gameofthrones.fandom.com/wiki/Ghiscar_(dragon);Ghiscar (dragon)
https://gameofthrones.fandom.com/wiki/Ghita;Ghita
https://gameofthrones.fandom.com/wiki/Arthur_Glenmore;Arthur Glenmore
https://gameofthrones.fandom.com/wiki/Ethan_Glover;Ethan Glover
https://gameofthrones.fandom.com/wiki/Galbart_Glover;Galbart Glover
https://gameofthrones.fandom.com/wiki/Gold_Cloak_1_(Eastwatch);Gold Cloak 1 (Eastwatch)
https://gameofthrones.fandom.com/wiki/Gold_Cloak_2_(Eastwatch);Gold Cloak 2 (Eastwatch)
https://gameofthrones.fandom.com/wiki/Gordy;Gordy
https://gameofthrones.fandom.com/wiki/Gorne;Gorne
https://gameofthrones.fandom.com/wiki/Great_Master_1_(Breaker_of_Chains);Great Master 1 (Breaker of Chains)
https://gameofthrones.fandom.com/wiki/Great_Master_1_(Kill_the_Boy);Great Master 1 (Kill the Boy)
https://gameofthrones.fandom.com/wiki/Great_Master_2_(Breaker_of_Chains);Great Master 2 (Breaker of Chains)
https://gameofthrones.fandom.com/wiki/Grenn;Grenn
https://gameofthrones.fandom.com/wiki/Grey_King;Grey King
https://gameofthrones.fandom.com/wiki/Grey_Wind;Grey Wind
https://gameofthrones.fandom.com/wiki/Rognar_II_Greyiron;Rognar II Greyiron
https://gameofthrones.fandom.com/wiki/Alannys_Greyjoy;Alannys Greyjoy
https://gameofthrones.fandom.com/wiki/Balon_Greyjoy;Balon Greyjoy
https://gameofthrones.fandom.com/wiki/Dalton_Greyjoy;Dalton Greyjoy
https://gameofthrones.fandom.com/wiki/Maron_Greyjoy;Maron Greyjoy
https://gameofthrones.fandom.com/wiki/Rodrik_Greyjoy;Rodrik Greyjoy
https://gameofthrones.fandom.com/wiki/Vickon_Greyjoy;Vickon Greyjoy
https://gameofthrones.fandom.com/wiki/Griffin_King;Griffin King
https://gameofthrones.fandom.com/wiki/Elyo_Grivas;Elyo Grivas
https://gameofthrones.fandom.com/wiki/Guymon;Guymon
https://gameofthrones.fandom.com/wiki/Haggo;Haggo
https://gameofthrones.fandom.com/wiki/Harker;Harker
https://gameofthrones.fandom.com/wiki/Harlon_the_Hunter;Harlon the Hunter
https://gameofthrones.fandom.com/wiki/Haro;Haro
https://gameofthrones.fandom.com/wiki/Alys_Harroway;Alys Harroway
https://gameofthrones.fandom.com/wiki/Harys;Harys
https://gameofthrones.fandom.com/wiki/Herndon_of_the_Horn;Herndon of the Horn
https://gameofthrones.fandom.com/wiki/Heward;Heward
https://gameofthrones.fandom.com/wiki/High_Septon_(Baelor);High Septon (Baelor)
https://gameofthrones.fandom.com/wiki/High_Septon_(Before_the_riot_of_King%27s_Landing);High Septon (Before the riot of King's Landing)
https://gameofthrones.fandom.com/wiki/High_Septon_(Boy);High Septon (Boy)
https://gameofthrones.fandom.com/wiki/High_Septon_(Faith_Militant_uprising);High Septon (Faith Militant uprising)
https://gameofthrones.fandom.com/wiki/High_Septon_(Robert%27s_Rebellion);High Septon (Robert's Rebellion)
https://gameofthrones.fandom.com/wiki/High_Septon_(Stonemason);High Septon (Stonemason)
https://gameofthrones.fandom.com/wiki/High_Septon_(War_of_Conquest);High Septon (War of Conquest)
https://gameofthrones.fandom.com/wiki/High_Sparrow;High Sparrow
https://gameofthrones.fandom.com/wiki/Alicent_Hightower;Alicent Hightower
https://gameofthrones.fandom.com/wiki/Ceryse_Hightower;Ceryse Hightower
https://gameofthrones.fandom.com/wiki/Dorian_Hightower;Dorian Hightower
https://gameofthrones.fandom.com/wiki/Gerold_Hightower;Gerold Hightower
https://gameofthrones.fandom.com/wiki/Lymond_Hightower;Lymond Hightower
https://gameofthrones.fandom.com/wiki/Manfred_Hightower;Manfred Hightower
https://gameofthrones.fandom.com/wiki/Otto_Hightower;Otto Hightower
https://gameofthrones.fandom.com/wiki/Peremore_Hightower;Peremore Hightower
https://gameofthrones.fandom.com/wiki/Runcel_Hightower;Runcel Hightower
https://gameofthrones.fandom.com/wiki/Urrigon_Hightower;Urrigon Hightower
https://gameofthrones.fandom.com/wiki/Donnel_Hill;Donnel Hill
https://gameofthrones.fandom.com/wiki/Robin_Hill;Robin Hill
https://gameofthrones.fandom.com/wiki/Harlan_Hoare;Harlan Hoare
https://gameofthrones.fandom.com/wiki/Harren_Hoare;Harren Hoare
https://gameofthrones.fandom.com/wiki/Harwyn_Hoare;Harwyn Hoare
https://gameofthrones.fandom.com/wiki/Qhored_Hoare;Qhored Hoare
https://gameofthrones.fandom.com/wiki/Qhorwyn_Hoare;Qhorwyn Hoare
https://gameofthrones.fandom.com/wiki/Hobb_the_Hewer;Hobb the Hewer
https://gameofthrones.fandom.com/wiki/Hodor;Hodor
https://gameofthrones.fandom.com/wiki/Dontos_Hollard;Dontos Hollard
https://gameofthrones.fandom.com/wiki/Symon_Hollard;Symon Hollard
https://gameofthrones.fandom.com/wiki/Horned_Lord;Horned Lord
https://gameofthrones.fandom.com/wiki/Areo_Hotah;Areo Hotah
https://gameofthrones.fandom.com/wiki/Hugh;Hugh
https://gameofthrones.fandom.com/wiki/Hugh_Hammer;Hugh Hammer
https://gameofthrones.fandom.com/wiki/Hugor_of_the_Hill;Hugor of the Hill
https://gameofthrones.fandom.com/wiki/Hugor%27s_bride;Hugor's bride
https://gameofthrones.fandom.com/wiki/Adrack_Humble;Adrack Humble
https://gameofthrones.fandom.com/wiki/Iggo;Iggo
https://gameofthrones.fandom.com/wiki/Ironborn_in_skiff;Ironborn in skiff
https://gameofthrones.fandom.com/wiki/Irri;Irri
https://gameofthrones.fandom.com/wiki/Jack;Jack
https://gameofthrones.fandom.com/wiki/Jellicoe;Jellicoe
https://gameofthrones.fandom.com/wiki/Jenny_of_Oldstones;Jenny of Oldstones
https://gameofthrones.fandom.com/wiki/Joramun;Joramun
https://gameofthrones.fandom.com/wiki/Bernarr_II_Justman;Bernarr II Justman
https://gameofthrones.fandom.com/wiki/Kaeth;Kaeth
https://gameofthrones.fandom.com/wiki/Karsi;Karsi
https://gameofthrones.fandom.com/wiki/Karstark_lookout;Karstark lookout
https://gameofthrones.fandom.com/wiki/Beric_Karstark;Beric Karstark
https://gameofthrones.fandom.com/wiki/Berrican_Karstark;Berrican Karstark
https://gameofthrones.fandom.com/wiki/Harald_Karstark;Harald Karstark
https://gameofthrones.fandom.com/wiki/Harrion_Karstark;Harrion Karstark
https://gameofthrones.fandom.com/wiki/Jon_Karstark;Jon Karstark
https://gameofthrones.fandom.com/wiki/Laurence_Karstark;Laurence Karstark
https://gameofthrones.fandom.com/wiki/Mara_Karstark;Mara Karstark
https://gameofthrones.fandom.com/wiki/Petyr_Karstark;Petyr Karstark
https://gameofthrones.fandom.com/wiki/Regan_Karstark;Regan Karstark
https://gameofthrones.fandom.com/wiki/Rickard_Karstark;Rickard Karstark
https://gameofthrones.fandom.com/wiki/Tommard_Karstark;Tommard Karstark
https://gameofthrones.fandom.com/wiki/Torrhen_Karstark;Torrhen Karstark
https://gameofthrones.fandom.com/wiki/Kegs;Kegs
https://gameofthrones.fandom.com/wiki/Ralf_Kenning;Ralf Kenning
https://gameofthrones.fandom.com/wiki/King%27s_Landing_boaster;King's Landing boaster
https://gameofthrones.fandom.com/wiki/King%27s_Landing_rioter_1;King's Landing rioter 1
https://gameofthrones.fandom.com/wiki/Kurleket;Kurleket
https://gameofthrones.fandom.com/wiki/Kyra;Kyra
https://gameofthrones.fandom.com/wiki/Lady;Lady
https://gameofthrones.fandom.com/wiki/Lann;Lann
https://gameofthrones.fandom.com/wiki/Lannister_guardsman_(Garden_of_Bones);Lannister guardsman (Garden of Bones)
https://gameofthrones.fandom.com/wiki/Lannister_spearman;Lannister spearman
https://gameofthrones.fandom.com/wiki/Alton_Lannister;Alton Lannister
https://gameofthrones.fandom.com/wiki/Damon_Lannister;Damon Lannister
https://gameofthrones.fandom.com/wiki/Gerold_Lannister;Gerold Lannister
https://gameofthrones.fandom.com/wiki/Jason_Lannister;Jason Lannister
https://gameofthrones.fandom.com/wiki/Jeyne_Lannister;Jeyne Lannister
https://gameofthrones.fandom.com/wiki/Joanna_Lannister;Joanna Lannister
https://gameofthrones.fandom.com/wiki/Johanna_Lannister;Johanna Lannister
https://gameofthrones.fandom.com/wiki/Kevan_Lannister;Kevan Lannister
https://gameofthrones.fandom.com/wiki/Lancel_Lannister;Lancel Lannister
https://gameofthrones.fandom.com/wiki/Loren_I_Lannister;Loren I Lannister
https://gameofthrones.fandom.com/wiki/Martyn_Lannister;Martyn Lannister
https://gameofthrones.fandom.com/wiki/Stafford_Lannister;Stafford Lannister
https://gameofthrones.fandom.com/wiki/Tion_Lannister;Tion Lannister
https://gameofthrones.fandom.com/wiki/Tommen_II_Lannister;Tommen II Lannister
https://gameofthrones.fandom.com/wiki/Tyland_Lannister;Tyland Lannister
https://gameofthrones.fandom.com/wiki/Tytos_Lannister;Tytos Lannister
https://gameofthrones.fandom.com/wiki/Tywald_Lannister;Tywald Lannister
https://gameofthrones.fandom.com/wiki/Tywin_Lannister;Tywin Lannister
https://gameofthrones.fandom.com/wiki/Willem_Lannister;Willem Lannister
https://gameofthrones.fandom.com/wiki/Orson_Lannister;Orson Lannister
https://gameofthrones.fandom.com/wiki/Last_dragon;Last dragon
https://gameofthrones.fandom.com/wiki/Lead_Dornish_guard;Lead Dornish guard
https://gameofthrones.fandom.com/wiki/Leaf;Leaf
https://gameofthrones.fandom.com/wiki/Lem;Lem
https://gameofthrones.fandom.com/wiki/Loboda;Loboda
https://gameofthrones.fandom.com/wiki/Locke;Locke
https://gameofthrones.fandom.com/wiki/Lodos;Lodos
https://gameofthrones.fandom.com/wiki/Lommy;Lommy
https://gameofthrones.fandom.com/wiki/Lomas_Longstrider;Lomas Longstrider
https://gameofthrones.fandom.com/wiki/Hizdahr_zo_Loraq;Hizdahr zo Loraq
https://gameofthrones.fandom.com/wiki/Amory_Lorch;Amory Lorch
https://gameofthrones.fandom.com/wiki/Lord_Baelish_(father_of_Petyr);Lord Baelish (father of Petyr)
https://gameofthrones.fandom.com/wiki/Lord_of_Bones;Lord of Bones
https://gameofthrones.fandom.com/wiki/Lorimer;Lorimer
https://gameofthrones.fandom.com/wiki/Lorren;Lorren
https://gameofthrones.fandom.com/wiki/Loso;Loso
https://gameofthrones.fandom.com/wiki/Danelle_Lothston;Danelle Lothston
https://gameofthrones.fandom.com/wiki/Lowell;Lowell
https://gameofthrones.fandom.com/wiki/Luwin;Luwin
https://gameofthrones.fandom.com/wiki/Mago;Mago
https://gameofthrones.fandom.com/wiki/Malcolm;Malcolm
https://gameofthrones.fandom.com/wiki/Malleon;Malleon
https://gameofthrones.fandom.com/wiki/Jaremy_Mallister;Jaremy Mallister
https://gameofthrones.fandom.com/wiki/Jeffory_Mallister;Jeffory Mallister
https://gameofthrones.fandom.com/wiki/Wendel_Manderly;Wendel Manderly
https://gameofthrones.fandom.com/wiki/Albin_Manwoody;Albin Manwoody
https://gameofthrones.fandom.com/wiki/Margaery%27s_handmaiden;Margaery's handmaiden
https://gameofthrones.fandom.com/wiki/Bowen_Marsh;Bowen Marsh
https://gameofthrones.fandom.com/wiki/Martell_(daughter_of_Mors);Martell (daughter of Mors)
https://gameofthrones.fandom.com/wiki/Doran_Martell;Doran Martell
https://gameofthrones.fandom.com/wiki/Elia_Martell;Elia Martell
https://gameofthrones.fandom.com/wiki/Lewyn_Martell;Lewyn Martell
https://gameofthrones.fandom.com/wiki/Maron_Martell;Maron Martell
https://gameofthrones.fandom.com/wiki/Meria_Martell;Meria Martell
https://gameofthrones.fandom.com/wiki/Mors_Martell;Mors Martell
https://gameofthrones.fandom.com/wiki/Myriah_Martell;Myriah Martell
https://gameofthrones.fandom.com/wiki/Nymor_Martell;Nymor Martell
https://gameofthrones.fandom.com/wiki/Oberyn_Martell;Oberyn Martell
https://gameofthrones.fandom.com/wiki/Trystane_Martell;Trystane Martell
https://gameofthrones.fandom.com/wiki/Master_Torturer;Master Torturer
https://gameofthrones.fandom.com/wiki/Meereenese_Champion;Meereenese Champion
https://gameofthrones.fandom.com/wiki/Meleys;Meleys
https://gameofthrones.fandom.com/wiki/Mengo;Mengo
https://gameofthrones.fandom.com/wiki/Meraxes;Meraxes
https://gameofthrones.fandom.com/wiki/Merchant_captain;Merchant captain
https://gameofthrones.fandom.com/wiki/Mero;Mero
https://gameofthrones.fandom.com/wiki/Unnamed_miller%27s_wife;Unnamed miller's wife
https://gameofthrones.fandom.com/wiki/Moelle;Moelle
https://gameofthrones.fandom.com/wiki/Mole%27s_Town_madam;Mole's Town madam
https://gameofthrones.fandom.com/wiki/Mole%27s_Town_whore;Mole's Town whore
https://gameofthrones.fandom.com/wiki/Hallis_Mollen;Hallis Mollen
https://gameofthrones.fandom.com/wiki/Mandon_Moore;Mandon Moore
https://gameofthrones.fandom.com/wiki/Mordane;Mordane
https://gameofthrones.fandom.com/wiki/Morgan;Morgan
https://gameofthrones.fandom.com/wiki/Morghul;Morghul
https://gameofthrones.fandom.com/wiki/Jeor_Mormont;Jeor Mormont
https://gameofthrones.fandom.com/wiki/Maege_Mormont;Maege Mormont
https://gameofthrones.fandom.com/wiki/Moro;Moro
https://gameofthrones.fandom.com/wiki/Moro_(son_of_Mengo);Moro (son of Mengo)
https://gameofthrones.fandom.com/wiki/Moro%27s_bloodrider_1;Moro's bloodrider 1
https://gameofthrones.fandom.com/wiki/Moro%27s_bloodrider_2;Moro's bloodrider 2
https://gameofthrones.fandom.com/wiki/Damon_Morrigen;Damon Morrigen
https://gameofthrones.fandom.com/wiki/Mossador;Mossador
https://gameofthrones.fandom.com/wiki/Tristan_Mudd;Tristan Mudd
https://gameofthrones.fandom.com/wiki/Mully;Mully
https://gameofthrones.fandom.com/wiki/Munkun;Munkun
https://gameofthrones.fandom.com/wiki/Murmison;Murmison
https://gameofthrones.fandom.com/wiki/Mycah;Mycah
https://gameofthrones.fandom.com/wiki/Myranda;Myranda
https://gameofthrones.fandom.com/wiki/Kraznys_mo_Nakloz;Kraznys mo Nakloz
https://gameofthrones.fandom.com/wiki/Old_Nan;Old Nan
https://gameofthrones.fandom.com/wiki/Nettles;Nettles
https://gameofthrones.fandom.com/wiki/Night%27s_King;Night's King
https://gameofthrones.fandom.com/wiki/Night%27s_Queen;Night's Queen
https://gameofthrones.fandom.com/wiki/Night%27s_Watch_Officer_2;Night's Watch Officer 2
https://gameofthrones.fandom.com/wiki/Nissa_Nissa;Nissa Nissa
https://gameofthrones.fandom.com/wiki/Norren;Norren
https://gameofthrones.fandom.com/wiki/Norvoshi_pit_fighter;Norvoshi pit fighter
https://gameofthrones.fandom.com/wiki/Nymeria;Nymeria
https://gameofthrones.fandom.com/wiki/Old_man;Old man
https://gameofthrones.fandom.com/wiki/Old_woman;Old woman
https://gameofthrones.fandom.com/wiki/Old_woman_prisoner;Old woman prisoner
https://gameofthrones.fandom.com/wiki/Olly;Olly
https://gameofthrones.fandom.com/wiki/Olly%27s_mother;Olly's mother
https://gameofthrones.fandom.com/wiki/Orell;Orell
https://gameofthrones.fandom.com/wiki/Ortengryn;Ortengryn
https://gameofthrones.fandom.com/wiki/Orwyle;Orwyle
https://gameofthrones.fandom.com/wiki/Orys_I;Orys I
https://gameofthrones.fandom.com/wiki/Osha;Osha
https://gameofthrones.fandom.com/wiki/Othor;Othor
https://gameofthrones.fandom.com/wiki/Belicho_Paenymion;Belicho Paenymion
https://gameofthrones.fandom.com/wiki/Oznak_zo_Pahl;Oznak zo Pahl
https://gameofthrones.fandom.com/wiki/Palla;Palla
https://gameofthrones.fandom.com/wiki/Pit_fighter;Pit fighter
https://gameofthrones.fandom.com/wiki/Polliver;Polliver
https://gameofthrones.fandom.com/wiki/Vayon_Poole;Vayon Poole
https://gameofthrones.fandom.com/wiki/Pyat_Pree;Pyat Pree
https://gameofthrones.fandom.com/wiki/Prisoner;Prisoner
https://gameofthrones.fandom.com/wiki/Pycelle;Pycelle
https://gameofthrones.fandom.com/wiki/Pylos;Pylos
https://gameofthrones.fandom.com/wiki/Pypar;Pypar
https://gameofthrones.fandom.com/wiki/Qano;Qano
https://gameofthrones.fandom.com/wiki/Qhorin;Qhorin
https://gameofthrones.fandom.com/wiki/Quenton_Qoherys;Quenton Qoherys
https://gameofthrones.fandom.com/wiki/Qorro;Qorro
https://gameofthrones.fandom.com/wiki/Qotho;Qotho
https://gameofthrones.fandom.com/wiki/Quillion;Quillion
https://gameofthrones.fandom.com/wiki/Rakharo;Rakharo
https://gameofthrones.fandom.com/wiki/Marq_Rankenfell;Marq Rankenfell
https://gameofthrones.fandom.com/wiki/Rast;Rast
https://gameofthrones.fandom.com/wiki/Ray;Ray
https://gameofthrones.fandom.com/wiki/Mance_Rayder;Mance Rayder
https://gameofthrones.fandom.com/wiki/Raymun_Redbeard;Raymun Redbeard
https://gameofthrones.fandom.com/wiki/The_red;The red
https://gameofthrones.fandom.com/wiki/Jojen_Reed;Jojen Reed
https://gameofthrones.fandom.com/wiki/Rennick;Rennick
https://gameofthrones.fandom.com/wiki/Ellyn_Reyne;Ellyn Reyne
https://gameofthrones.fandom.com/wiki/Reynard_Reyne;Reynard Reyne
https://gameofthrones.fandom.com/wiki/Roger_Reyne;Roger Reyne
https://gameofthrones.fandom.com/wiki/Rhaego;Rhaego
https://gameofthrones.fandom.com/wiki/Rhalko;Rhalko
https://gameofthrones.fandom.com/wiki/Riddell;Riddell
https://gameofthrones.fandom.com/wiki/Aegor_Rivers;Aegor Rivers
https://gameofthrones.fandom.com/wiki/Brynden_Rivers;Brynden Rivers
https://gameofthrones.fandom.com/wiki/Ryger_Rivers;Ryger Rivers
https://gameofthrones.fandom.com/wiki/Walder_Rivers;Walder Rivers
https://gameofthrones.fandom.com/wiki/Rorge;Rorge
https://gameofthrones.fandom.com/wiki/Ros;Ros
https://gameofthrones.fandom.com/wiki/Rossart;Rossart
https://gameofthrones.fandom.com/wiki/Kyle_Royce;Kyle Royce
https://gameofthrones.fandom.com/wiki/Robar_Royce;Robar Royce
https://gameofthrones.fandom.com/wiki/Robar_II_Royce;Robar II Royce
https://gameofthrones.fandom.com/wiki/Waymar_Royce;Waymar Royce
https://gameofthrones.fandom.com/wiki/Sally;Sally
https://gameofthrones.fandom.com/wiki/Nymeria_Sand;Nymeria Sand
https://gameofthrones.fandom.com/wiki/Obara_Sand;Obara Sand
https://gameofthrones.fandom.com/wiki/Tyene_Sand;Tyene Sand
https://gameofthrones.fandom.com/wiki/Aron_Santagar;Aron Santagar
https://gameofthrones.fandom.com/wiki/Savo;Savo
https://gameofthrones.fandom.com/wiki/Scolera;Scolera
https://gameofthrones.fandom.com/wiki/The_Scourge;The Scourge
https://gameofthrones.fandom.com/wiki/Seasmoke;Seasmoke
https://gameofthrones.fandom.com/wiki/Matthos_Seaworth;Matthos Seaworth
https://gameofthrones.fandom.com/wiki/Second_Son;Second Son
https://gameofthrones.fandom.com/wiki/Barristan_Selmy;Barristan Selmy
https://gameofthrones.fandom.com/wiki/Ser_Pounce;Ser Pounce
https://gameofthrones.fandom.com/wiki/Shae;Shae
https://gameofthrones.fandom.com/wiki/Shaggydog;Shaggydog
https://gameofthrones.fandom.com/wiki/The_Shepherd;The Shepherd
https://gameofthrones.fandom.com/wiki/Shiera_Seastar;Shiera Seastar
https://gameofthrones.fandom.com/wiki/Shrykos;Shrykos
https://gameofthrones.fandom.com/wiki/Silk_King;Silk King
https://gameofthrones.fandom.com/wiki/The_silver;The silver
https://gameofthrones.fandom.com/wiki/Silverwing;Silverwing
https://gameofthrones.fandom.com/wiki/Simpson;Simpson
https://gameofthrones.fandom.com/wiki/Janos_Slynt;Janos Slynt
https://gameofthrones.fandom.com/wiki/Smiling_Knight;Smiling Knight
https://gameofthrones.fandom.com/wiki/Smitty;Smitty
https://gameofthrones.fandom.com/wiki/Son_of_the_Harpy;Son of the Harpy
https://gameofthrones.fandom.com/wiki/Spice_King;Spice King
https://gameofthrones.fandom.com/wiki/Stableboy;Stableboy
https://gameofthrones.fandom.com/wiki/Stark_soldier_(Valar_Morghulis);Stark soldier (Valar Morghulis)
https://gameofthrones.fandom.com/wiki/Benjen_Stark;Benjen Stark
https://gameofthrones.fandom.com/wiki/Brandon_Stark_(son_of_Rickard);Brandon Stark (son of Rickard)
https://gameofthrones.fandom.com/wiki/Brandon_Stark_(the_Builder);Brandon Stark (the Builder)
https://gameofthrones.fandom.com/wiki/Brandon_Stark_(the_Breaker);Brandon Stark (the Breaker)
https://gameofthrones.fandom.com/wiki/Catelyn_Stark;Catelyn Stark
https://gameofthrones.fandom.com/wiki/Cregan_Stark;Cregan Stark
https://gameofthrones.fandom.com/wiki/Dorren_Stark;Dorren Stark
https://gameofthrones.fandom.com/wiki/Eddard_Stark;Eddard Stark
https://gameofthrones.fandom.com/wiki/Jon_Stark;Jon Stark
https://gameofthrones.fandom.com/wiki/Karlon_Stark;Karlon Stark
https://gameofthrones.fandom.com/wiki/Lyanna_Stark;Lyanna Stark
https://gameofthrones.fandom.com/wiki/Osric_Stark;Osric Stark
https://gameofthrones.fandom.com/wiki/Rickard_Stark;Rickard Stark
https://gameofthrones.fandom.com/wiki/Rickard_Stark_(King);Rickard Stark (King)
https://gameofthrones.fandom.com/wiki/Rickon_Stark;Rickon Stark
https://gameofthrones.fandom.com/wiki/Robb_Stark;Robb Stark
https://gameofthrones.fandom.com/wiki/Rodrik_Stark;Rodrik Stark
https://gameofthrones.fandom.com/wiki/Talisa_Stark;Talisa Stark
https://gameofthrones.fandom.com/wiki/Theon_Stark;Theon Stark
https://gameofthrones.fandom.com/wiki/Torrhen_Stark;Torrhen Stark
https://gameofthrones.fandom.com/wiki/Staunton_(Lord);Staunton (Lord)
https://gameofthrones.fandom.com/wiki/Steelshanks;Steelshanks
https://gameofthrones.fandom.com/wiki/Steve;Steve
https://gameofthrones.fandom.com/wiki/Stiv;Stiv
https://gameofthrones.fandom.com/wiki/Stokeworth_(Lord);Stokeworth (Lord)
https://gameofthrones.fandom.com/wiki/Stonesnake;Stonesnake
https://gameofthrones.fandom.com/wiki/Stormcloud;Stormcloud
https://gameofthrones.fandom.com/wiki/Larys_Strong;Larys Strong
https://gameofthrones.fandom.com/wiki/Simon_Strong;Simon Strong
https://gameofthrones.fandom.com/wiki/Stygg;Stygg
https://gameofthrones.fandom.com/wiki/Styr;Styr
https://gameofthrones.fandom.com/wiki/Byron_Swann;Byron Swann
https://gameofthrones.fandom.com/wiki/Sword_fighting_wight;Sword fighting wight
https://gameofthrones.fandom.com/wiki/Syrax;Syrax
https://gameofthrones.fandom.com/wiki/Talbot;Talbot
https://gameofthrones.fandom.com/wiki/Petra_Tallhart;Petra Tallhart
https://gameofthrones.fandom.com/wiki/Tyrek_Tallhart;Tyrek Tallhart
https://gameofthrones.fandom.com/wiki/Karl_Tanner;Karl Tanner
https://gameofthrones.fandom.com/wiki/Tanselle;Tanselle
https://gameofthrones.fandom.com/wiki/Tansy;Tansy
https://gameofthrones.fandom.com/wiki/Tion_Tarbeck;Tion Tarbeck
https://gameofthrones.fandom.com/wiki/Walderan_Tarbeck;Walderan Tarbeck
https://gameofthrones.fandom.com/wiki/Aegon_Targaryen_(son_of_Aenys);Aegon Targaryen (son of Aenys)
https://gameofthrones.fandom.com/wiki/Aegon_Targaryen_(son_of_Rhaegar_and_Elia);Aegon Targaryen (son of Rhaegar and Elia)
https://gameofthrones.fandom.com/wiki/Aegon_I_Targaryen;Aegon I Targaryen
https://gameofthrones.fandom.com/wiki/Aegon_II_Targaryen;Aegon II Targaryen
https://gameofthrones.fandom.com/wiki/Aegon_III_Targaryen;Aegon III Targaryen
https://gameofthrones.fandom.com/wiki/Aegon_IV_Targaryen;Aegon IV Targaryen
https://gameofthrones.fandom.com/wiki/Aegon_V_Targaryen;Aegon V Targaryen
https://gameofthrones.fandom.com/wiki/Aelinor_Targaryen;Aelinor Targaryen
https://gameofthrones.fandom.com/wiki/Aemon_Targaryen_(Dragonknight);Aemon Targaryen (Dragonknight)
https://gameofthrones.fandom.com/wiki/Aemond_Targaryen;Aemond Targaryen
https://gameofthrones.fandom.com/wiki/Aenar_Targaryen;Aenar Targaryen
https://gameofthrones.fandom.com/wiki/Aenys_Targaryen;Aenys Targaryen
https://gameofthrones.fandom.com/wiki/Aerion_Targaryen;Aerion Targaryen
https://gameofthrones.fandom.com/wiki/Aerys_I_Targaryen;Aerys I Targaryen
https://gameofthrones.fandom.com/wiki/Aerys_II_Targaryen;Aerys II Targaryen
https://gameofthrones.fandom.com/wiki/Alysanne_Targaryen;Alysanne Targaryen
https://gameofthrones.fandom.com/wiki/Baelor_Targaryen;Baelor Targaryen
https://gameofthrones.fandom.com/wiki/Baelor_Targaryen_(son_of_Daeron_II);Baelor Targaryen (son of Daeron II)
https://gameofthrones.fandom.com/wiki/Daemon_Targaryen;Daemon Targaryen
https://gameofthrones.fandom.com/wiki/Daena_Targaryen;Daena Targaryen
https://gameofthrones.fandom.com/wiki/Daenerys_Targaryen_(daughter_of_Aegon_IV);Daenerys Targaryen (daughter of Aegon IV)
https://gameofthrones.fandom.com/wiki/Daenys_Targaryen;Daenys Targaryen
https://gameofthrones.fandom.com/wiki/Daeron_Targaryen_(son_of_Aegon_V);Daeron Targaryen (son of Aegon V)
https://gameofthrones.fandom.com/wiki/Daeron_I_Targaryen;Daeron I Targaryen
https://gameofthrones.fandom.com/wiki/Daeron_II_Targaryen;Daeron II Targaryen
https://gameofthrones.fandom.com/wiki/Duncan_Targaryen;Duncan Targaryen
https://gameofthrones.fandom.com/wiki/Elaena_Targaryen;Elaena Targaryen
https://gameofthrones.fandom.com/wiki/Helaena_Targaryen;Helaena Targaryen
https://gameofthrones.fandom.com/wiki/Jaehaera_Targaryen;Jaehaera Targaryen
https://gameofthrones.fandom.com/wiki/Jaehaerys_Targaryen_(son_of_Aegon_II);Jaehaerys Targaryen (son of Aegon II)
https://gameofthrones.fandom.com/wiki/Jaehaerys_I_Targaryen;Jaehaerys I Targaryen
https://gameofthrones.fandom.com/wiki/Maegor_Targaryen;Maegor Targaryen
https://gameofthrones.fandom.com/wiki/Maegor_III_Targaryen;Maegor III Targaryen
https://gameofthrones.fandom.com/wiki/Maekar_Targaryen;Maekar Targaryen
https://gameofthrones.fandom.com/wiki/Maelor_Targaryen;Maelor Targaryen
https://gameofthrones.fandom.com/wiki/Naerys_Targaryen;Naerys Targaryen
https://gameofthrones.fandom.com/wiki/Rhaegar_Targaryen;Rhaegar Targaryen
https://gameofthrones.fandom.com/wiki/Rhaegel_Targaryen;Rhaegel Targaryen
https://gameofthrones.fandom.com/wiki/Rhaella_Targaryen;Rhaella Targaryen
https://gameofthrones.fandom.com/wiki/Rhaena_Targaryen_(daughter_of_Aegon_III);Rhaena Targaryen (daughter of Aegon III)
https://gameofthrones.fandom.com/wiki/Rhaena_Targaryen_(daughter_of_Aenys);Rhaena Targaryen (daughter of Aenys)
https://gameofthrones.fandom.com/wiki/Rhaenyra_Targaryen;Rhaenyra Targaryen
https://gameofthrones.fandom.com/wiki/Rhaenys_Targaryen_(daughter_of_Rhaegar);Rhaenys Targaryen (daughter of Rhaegar)
https://gameofthrones.fandom.com/wiki/Rhaenys_Targaryen_(Queen_Who_Never_Was);Rhaenys Targaryen (Queen Who Never Was)
https://gameofthrones.fandom.com/wiki/Rhaenys_Targaryen_(sister_of_Aegon_I);Rhaenys Targaryen (sister of Aegon I)
https://gameofthrones.fandom.com/wiki/Visenya_Targaryen;Visenya Targaryen
https://gameofthrones.fandom.com/wiki/Viserys_Targaryen;Viserys Targaryen
https://gameofthrones.fandom.com/wiki/Viserys_I_Targaryen;Viserys I Targaryen
https://gameofthrones.fandom.com/wiki/Viserys_II_Targaryen;Viserys II Targaryen
https://gameofthrones.fandom.com/wiki/Dickon_Tarly;Dickon Tarly
https://gameofthrones.fandom.com/wiki/Randyll_Tarly;Randyll Tarly
https://gameofthrones.fandom.com/wiki/Sam_Tarly;Sam Tarly
https://gameofthrones.fandom.com/wiki/Temmo;Temmo
https://gameofthrones.fandom.com/wiki/Tess;Tess
https://gameofthrones.fandom.com/wiki/Thenn_warg;Thenn warg
https://gameofthrones.fandom.com/wiki/Theon%27s_master_of_hounds;Theon's master of hounds
https://gameofthrones.fandom.com/wiki/Thermund;Thermund
https://gameofthrones.fandom.com/wiki/Theron;Theron
https://gameofthrones.fandom.com/wiki/Thirteen_member;Thirteen member
https://gameofthrones.fandom.com/wiki/Alliser_Thorne;Alliser Thorne
https://gameofthrones.fandom.com/wiki/Thoros;Thoros
https://gameofthrones.fandom.com/wiki/Three-Eyed_Raven;Three-Eyed Raven
https://gameofthrones.fandom.com/wiki/The_Tickler;The Tickler
https://gameofthrones.fandom.com/wiki/Torgold_Tollett;Torgold Tollett
https://gameofthrones.fandom.com/wiki/Tom;Tom
https://gameofthrones.fandom.com/wiki/Tommy;Tommy
https://gameofthrones.fandom.com/wiki/Tortured_prisoner;Tortured prisoner
https://gameofthrones.fandom.com/wiki/Tortured_slave;Tortured slave
https://gameofthrones.fandom.com/wiki/Simon_Toyne;Simon Toyne
https://gameofthrones.fandom.com/wiki/Terrence_Toyne;Terrence Toyne
https://gameofthrones.fandom.com/wiki/Meryn_Trant;Meryn Trant
https://gameofthrones.fandom.com/wiki/Axel_Tully;Axel Tully
https://gameofthrones.fandom.com/wiki/Brynden_Tully;Brynden Tully
https://gameofthrones.fandom.com/wiki/Edmyn_Tully;Edmyn Tully
https://gameofthrones.fandom.com/wiki/Hoster_Tully;Hoster Tully
https://gameofthrones.fandom.com/wiki/Minisa_Tully;Minisa Tully
https://gameofthrones.fandom.com/wiki/Tyraxes;Tyraxes
https://gameofthrones.fandom.com/wiki/Tyrell_bannerman;Tyrell bannerman
https://gameofthrones.fandom.com/wiki/Tyrell_lady;Tyrell lady
https://gameofthrones.fandom.com/wiki/Tyrell_servant;Tyrell servant
https://gameofthrones.fandom.com/wiki/Alerie_Tyrell;Alerie Tyrell
https://gameofthrones.fandom.com/wiki/Allana_Tyrell;Allana Tyrell
https://gameofthrones.fandom.com/wiki/Harlen_Tyrell;Harlen Tyrell
https://gameofthrones.fandom.com/wiki/Loras_Tyrell;Loras Tyrell
https://gameofthrones.fandom.com/wiki/Luthor_Tyrell;Luthor Tyrell
https://gameofthrones.fandom.com/wiki/Lyonel_Tyrell;Lyonel Tyrell
https://gameofthrones.fandom.com/wiki/Mace_Tyrell;Mace Tyrell
https://gameofthrones.fandom.com/wiki/Margaery_Tyrell;Margaery Tyrell
https://gameofthrones.fandom.com/wiki/Olenna_Tyrell;Olenna Tyrell
https://gameofthrones.fandom.com/wiki/Ulf_the_White;Ulf the White
https://gameofthrones.fandom.com/wiki/Greizhen_mo_Ullhor;Greizhen mo Ullhor
https://gameofthrones.fandom.com/wiki/Amarylis_Umber;Amarylis Umber
https://gameofthrones.fandom.com/wiki/Brandon_Umber;Brandon Umber
https://gameofthrones.fandom.com/wiki/Cedric_Umber;Cedric Umber
https://gameofthrones.fandom.com/wiki/Cleos_Umber;Cleos Umber
https://gameofthrones.fandom.com/wiki/Corin_Umber;Corin Umber
https://gameofthrones.fandom.com/wiki/Daragh_Umber;Daragh Umber
https://gameofthrones.fandom.com/wiki/Emilia_Umber;Emilia Umber
https://gameofthrones.fandom.com/wiki/Finn_Umber;Finn Umber
https://gameofthrones.fandom.com/wiki/Gareth_Umber;Gareth Umber
https://gameofthrones.fandom.com/wiki/Harkon_Umber;Harkon Umber
https://gameofthrones.fandom.com/wiki/Hollys_Umber;Hollys Umber
https://gameofthrones.fandom.com/wiki/Hothor_Umber;Hothor Umber
https://gameofthrones.fandom.com/wiki/Greatjon_Umber;Greatjon Umber
https://gameofthrones.fandom.com/wiki/Joseth_Umber;Joseth Umber
https://gameofthrones.fandom.com/wiki/Katrina_Umber;Katrina Umber
https://gameofthrones.fandom.com/wiki/Kear_Umber;Kear Umber
https://gameofthrones.fandom.com/wiki/Lucan_Umber;Lucan Umber
https://gameofthrones.fandom.com/wiki/Maynard_Umber;Maynard Umber
https://gameofthrones.fandom.com/wiki/Morag_Umber;Morag Umber
https://gameofthrones.fandom.com/wiki/Morgana_Umber;Morgana Umber
https://gameofthrones.fandom.com/wiki/Mycah_Umber;Mycah Umber
https://gameofthrones.fandom.com/wiki/Smalljon_Umber;Smalljon Umber
https://gameofthrones.fandom.com/wiki/Urzen;Urzen
https://gameofthrones.fandom.com/wiki/Valryon;Valryon
https://gameofthrones.fandom.com/wiki/Varly;Varly
https://gameofthrones.fandom.com/wiki/Vaull;Vaull
https://gameofthrones.fandom.com/wiki/Addam_Velaryon;Addam Velaryon
https://gameofthrones.fandom.com/wiki/Corlys_Velaryon;Corlys Velaryon
https://gameofthrones.fandom.com/wiki/Jacaerys_Velaryon;Jacaerys Velaryon
https://gameofthrones.fandom.com/wiki/Joffrey_Velaryon;Joffrey Velaryon
https://gameofthrones.fandom.com/wiki/Laenor_Velaryon;Laenor Velaryon
https://gameofthrones.fandom.com/wiki/Lucerys_Velaryon;Lucerys Velaryon
https://gameofthrones.fandom.com/wiki/Vermax;Vermax
https://gameofthrones.fandom.com/wiki/Vermithor;Vermithor
https://gameofthrones.fandom.com/wiki/Vermithrax;Vermithrax
https://gameofthrones.fandom.com/wiki/Vhagar;Vhagar
https://gameofthrones.fandom.com/wiki/Violet;Violet
https://gameofthrones.fandom.com/wiki/Viserion;Viserion
https://gameofthrones.fandom.com/wiki/Colloquo_Votar;Colloquo Votar
https://gameofthrones.fandom.com/wiki/Vulture_King;Vulture King
https://gameofthrones.fandom.com/wiki/Waif;Waif
https://gameofthrones.fandom.com/wiki/Wallen;Wallen
https://gameofthrones.fandom.com/wiki/Warg_King;Warg King
https://gameofthrones.fandom.com/wiki/Britt_Warrick;Britt Warrick
https://gameofthrones.fandom.com/wiki/Water_Dancer;Water Dancer
https://gameofthrones.fandom.com/wiki/Marston_Waters;Marston Waters
https://gameofthrones.fandom.com/wiki/Mag_Mar_Tun_Doh_Weg;Mag Mar Tun Doh Weg
https://gameofthrones.fandom.com/wiki/Wex;Wex
https://gameofthrones.fandom.com/wiki/Weyland;Weyland
https://gameofthrones.fandom.com/wiki/Oswell_Whent;Oswell Whent
https://gameofthrones.fandom.com/wiki/Shella_Whent;Shella Whent
https://gameofthrones.fandom.com/wiki/Walter_Whent;Walter Whent
https://gameofthrones.fandom.com/wiki/White_Rat;White Rat
https://gameofthrones.fandom.com/wiki/White_Walker_(Hardhome);White Walker (Hardhome)
https://gameofthrones.fandom.com/wiki/White_Walker_(The_Door);White Walker (The Door)
https://gameofthrones.fandom.com/wiki/White_Walker_(Valar_Morghulis);White Walker (Valar Morghulis)
https://gameofthrones.fandom.com/wiki/White_Walker_1_(Beyond_the_Wall);White Walker 1 (Beyond the Wall)
https://gameofthrones.fandom.com/wiki/Whitehill_Lieutenant;Whitehill Lieutenant
https://gameofthrones.fandom.com/wiki/Whitehill_soldier_1;Whitehill soldier 1
https://gameofthrones.fandom.com/wiki/Whitehill_soldier_3;Whitehill soldier 3
https://gameofthrones.fandom.com/wiki/Whitehill_soldier_4;Whitehill soldier 4
https://gameofthrones.fandom.com/wiki/Karl_Whitehill;Karl Whitehill
https://gameofthrones.fandom.com/wiki/Whitehill_(Lady);Whitehill (Lady)
https://gameofthrones.fandom.com/wiki/Wildling_girl;Wildling girl
https://gameofthrones.fandom.com/wiki/Will;Will
https://gameofthrones.fandom.com/wiki/Willam_the_Wanderer;Willam the Wanderer
https://gameofthrones.fandom.com/wiki/Willem;Willem
https://gameofthrones.fandom.com/wiki/Wineseller;Wineseller
https://gameofthrones.fandom.com/wiki/Winged_Knight;Winged Knight
https://gameofthrones.fandom.com/wiki/Winterfell_shepherd;Winterfell shepherd
https://gameofthrones.fandom.com/wiki/Willis_Wode;Willis Wode
https://gameofthrones.fandom.com/wiki/Wun_Weg_Wun_Dar_Wun;Wun Weg Wun Dar Wun
https://gameofthrones.fandom.com/wiki/Wyl_(House_Stark);Wyl (House Stark)
https://gameofthrones.fandom.com/wiki/Jasper_Wylde;Jasper Wylde
https://gameofthrones.fandom.com/wiki/Willem_Wylde;Willem Wylde
https://gameofthrones.fandom.com/wiki/Wylla;Wylla
https://gameofthrones.fandom.com/wiki/Othell_Yarwyck;Othell Yarwyck
https://gameofthrones.fandom.com/wiki/Ygritte;Ygritte
https://gameofthrones.fandom.com/wiki/Yoren;Yoren
https://gameofthrones.fandom.com/wiki/Edgar_Yronwood;Edgar Yronwood
https://gameofthrones.fandom.com/wiki/Yorick_V_Yronwood;Yorick V Yronwood
https://gameofthrones.fandom.com/wiki/Zalla;Zalla
https://gameofthrones.fandom.com/wiki/Uthero_Zalyne;Uthero Zalyne
https://gameofthrones.fandom.com/wiki/Zhako;Zhako